accessionNumber,detectedTime,index_lmt,sgml_lmt
248825000184,2025-12-23T20:11:27.000Z,2025-12-23T20:10:58Z,2025-12-23T20:11:26Z
497725000181,2025-12-23T21:33:47.000Z,2025-12-23T21:33:23Z,2025-12-23T21:33:46Z
1226525000004,2025-12-23T17:46:58.000Z,2025-12-23T17:46:35Z,2025-12-23T17:46:57Z
2799625000202,2025-12-23T14:57:55.000Z,2025-12-23T14:57:29Z,2025-12-23T14:57:54Z
3014625000179,2025-12-23T15:12:47.000Z,2025-12-23T15:12:14Z,2025-12-23T15:12:44Z
3014625000184,2025-12-23T20:07:45.000Z,2025-12-23T20:07:21Z,2025-12-23T20:07:42Z
3014625000185,2025-12-23T21:58:50.000Z,2025-12-23T21:58:16Z,2025-12-23T21:58:48Z
3406625000023,2025-12-23T19:41:41.000Z,2025-12-23T19:41:07Z,2025-12-23T19:41:40Z
3540225002852,2025-12-23T20:11:39.000Z,2025-12-23T20:11:12Z,2025-12-23T20:11:39Z
3540225002853,2025-12-23T20:11:36.000Z,2025-12-23T20:11:13Z,2025-12-23T20:11:35Z
3540225002854,2025-12-23T20:11:37.000Z,2025-12-23T20:11:14Z,2025-12-23T20:11:38Z
3540225002855,2025-12-23T20:11:36.000Z,2025-12-23T20:11:14Z,2025-12-23T20:11:35Z
3540225002856,2025-12-23T20:11:37.000Z,2025-12-23T20:11:15Z,2025-12-23T20:11:36Z
3540225002857,2025-12-23T20:11:51.000Z,2025-12-23T20:11:19Z,2025-12-23T20:11:50Z
3540225002858,2025-12-23T20:11:54.000Z,2025-12-23T20:11:20Z,2025-12-23T20:11:51Z
3540225002859,2025-12-23T20:11:54.000Z,2025-12-23T20:11:20Z,2025-12-23T20:11:52Z
3540225002860,2025-12-23T20:11:47.000Z,2025-12-23T20:11:21Z,2025-12-23T20:11:47Z
3540225002861,2025-12-23T20:11:50.000Z,2025-12-23T20:11:22Z,2025-12-23T20:11:50Z
3540225002862,2025-12-23T20:11:51.000Z,2025-12-23T20:11:22Z,2025-12-23T20:11:50Z
3540225002863,2025-12-23T20:11:47.000Z,2025-12-23T20:11:23Z,2025-12-23T20:11:47Z
3540225002864,2025-12-23T20:11:50.000Z,2025-12-23T20:11:24Z,2025-12-23T20:11:49Z
3540225002865,2025-12-23T20:11:50.000Z,2025-12-23T20:11:24Z,2025-12-23T20:11:50Z
3540225002866,2025-12-23T20:11:54.000Z,2025-12-23T20:11:26Z,2025-12-23T20:11:52Z
3540225002867,2025-12-23T20:11:56.000Z,2025-12-23T20:11:26Z,2025-12-23T20:11:55Z
3540225002868,2025-12-23T20:11:53.000Z,2025-12-23T20:11:27Z,2025-12-23T20:11:54Z
3540225002869,2025-12-23T20:11:53.000Z,2025-12-23T20:11:29Z,2025-12-23T20:11:54Z
3540225002870,2025-12-23T20:11:56.000Z,2025-12-23T20:11:30Z,2025-12-23T20:11:55Z
3540225002871,2025-12-23T20:11:53.000Z,2025-12-23T20:11:31Z,2025-12-23T20:11:53Z
3540225002872,2025-12-23T20:13:08.000Z,2025-12-23T20:12:40Z,2025-12-23T20:13:08Z
3540225002873,2025-12-23T20:13:06.000Z,2025-12-23T20:12:41Z,2025-12-23T20:13:06Z
3540225002874,2025-12-23T20:13:08.000Z,2025-12-23T20:12:43Z,2025-12-23T20:13:08Z
3540225002875,2025-12-23T20:13:06.000Z,2025-12-23T20:12:44Z,2025-12-23T20:13:06Z
3540225002876,2025-12-23T20:13:06.000Z,2025-12-23T20:12:46Z,2025-12-23T20:13:06Z
3540225002877,2025-12-23T20:13:05.000Z,2025-12-23T20:12:47Z,2025-12-23T20:13:05Z
3540225002878,2025-12-23T20:13:08.000Z,2025-12-23T20:12:48Z,2025-12-23T20:13:07Z
3540225002879,2025-12-23T20:13:17.000Z,2025-12-23T20:12:48Z,2025-12-23T20:13:17Z
3540225002880,2025-12-23T20:13:42.000Z,2025-12-23T20:12:49Z,2025-12-23T20:13:19Z
3540225002881,2025-12-23T20:13:37.000Z,2025-12-23T20:12:50Z,2025-12-23T20:13:21Z
3540225002882,2025-12-23T20:13:37.000Z,2025-12-23T20:12:51Z,2025-12-23T20:13:19Z
3540225002883,2025-12-23T20:13:36.000Z,2025-12-23T20:12:51Z,2025-12-23T20:13:18Z
3540225002884,2025-12-23T20:13:36.000Z,2025-12-23T20:12:52Z,2025-12-23T20:13:19Z
3540225002885,2025-12-23T20:13:36.000Z,2025-12-23T20:12:53Z,2025-12-23T20:13:19Z
3540225002886,2025-12-23T20:13:36.000Z,2025-12-23T20:12:54Z,2025-12-23T20:13:18Z
3540225002887,2025-12-23T20:13:36.000Z,2025-12-23T20:12:55Z,2025-12-23T20:13:18Z
3540225002888,2025-12-23T20:13:42.000Z,2025-12-23T20:12:55Z,2025-12-23T20:13:19Z
3540225002889,2025-12-23T20:13:42.000Z,2025-12-23T20:12:56Z,2025-12-23T20:13:20Z
3540225002890,2025-12-23T20:13:35.000Z,2025-12-23T20:12:58Z,2025-12-23T20:13:29Z
3540225002891,2025-12-23T20:14:43.000Z,2025-12-23T20:13:00Z,2025-12-23T20:13:28Z
3540225002892,2025-12-23T20:14:41.000Z,2025-12-23T20:14:03Z,2025-12-23T20:14:39Z
3540225002893,2025-12-23T20:14:41.000Z,2025-12-23T20:14:04Z,2025-12-23T20:14:39Z
3540225002894,2025-12-23T20:14:46.000Z,2025-12-23T20:14:04Z,2025-12-23T20:14:41Z
3540225002895,2025-12-23T20:14:41.000Z,2025-12-23T20:14:05Z,2025-12-23T20:14:39Z
3540225002896,2025-12-23T20:14:38.000Z,2025-12-23T20:14:06Z,2025-12-23T20:14:38Z
3540225002897,2025-12-23T20:14:46.000Z,2025-12-23T20:14:07Z,2025-12-23T20:14:41Z
3540225002898,2025-12-23T20:14:41.000Z,2025-12-23T20:14:08Z,2025-12-23T20:14:39Z
3540225002899,2025-12-23T20:14:45.000Z,2025-12-23T20:14:09Z,2025-12-23T20:14:42Z
3540225002900,2025-12-23T20:14:45.000Z,2025-12-23T20:14:09Z,2025-12-23T20:14:41Z
3540225002901,2025-12-23T20:14:55.000Z,2025-12-23T20:14:11Z,2025-12-23T20:14:54Z
3540225002902,2025-12-23T20:14:40.000Z,2025-12-23T20:14:11Z,2025-12-23T20:14:39Z
3540225002903,2025-12-23T20:14:52.000Z,2025-12-23T20:14:12Z,2025-12-23T20:14:52Z
3540225002904,2025-12-23T20:14:55.000Z,2025-12-23T20:14:12Z,2025-12-23T20:14:54Z
3540225002905,2025-12-23T20:14:54.000Z,2025-12-23T20:14:14Z,2025-12-23T20:14:54Z
3540225002906,2025-12-23T20:14:54.000Z,2025-12-23T20:14:14Z,2025-12-23T20:14:53Z
3540225002907,2025-12-23T20:14:52.000Z,2025-12-23T20:14:15Z,2025-12-23T20:14:52Z
3540225002908,2025-12-23T20:14:51.000Z,2025-12-23T20:14:17Z,2025-12-23T20:14:51Z
3540225002909,2025-12-23T20:14:57.000Z,2025-12-23T20:14:18Z,2025-12-23T20:14:56Z
3540225002910,2025-12-23T20:14:52.000Z,2025-12-23T20:14:20Z,2025-12-23T20:14:51Z
3540225002911,2025-12-23T20:14:57.000Z,2025-12-23T20:14:22Z,2025-12-23T20:14:55Z
3540225002912,2025-12-23T20:15:49.000Z,2025-12-23T20:15:21Z,2025-12-23T20:15:47Z
3540225002913,2025-12-23T20:15:47.000Z,2025-12-23T20:15:22Z,2025-12-23T20:15:46Z
3540225002914,2025-12-23T20:15:49.000Z,2025-12-23T20:15:23Z,2025-12-23T20:15:47Z
3540225002915,2025-12-23T20:15:52.000Z,2025-12-23T20:15:24Z,2025-12-23T20:15:49Z
3540225002916,2025-12-23T20:15:52.000Z,2025-12-23T20:15:25Z,2025-12-23T20:15:49Z
3540225002917,2025-12-23T20:15:47.000Z,2025-12-23T20:15:26Z,2025-12-23T20:15:46Z
3540225002918,2025-12-23T20:15:48.000Z,2025-12-23T20:15:26Z,2025-12-23T20:15:47Z
3540225002919,2025-12-23T20:15:59.000Z,2025-12-23T20:15:27Z,2025-12-23T20:15:59Z
3540225002920,2025-12-23T20:16:01.000Z,2025-12-23T20:15:28Z,2025-12-23T20:16:00Z
3540225002921,2025-12-23T20:16:04.000Z,2025-12-23T20:15:29Z,2025-12-23T20:16:02Z
3540225002922,2025-12-23T20:16:04.000Z,2025-12-23T20:15:30Z,2025-12-23T20:16:02Z
3540225002923,2025-12-23T20:16:01.000Z,2025-12-23T20:15:31Z,2025-12-23T20:16:01Z
3540225002924,2025-12-23T20:15:59.000Z,2025-12-23T20:15:31Z,2025-12-23T20:15:58Z
3540225002925,2025-12-23T20:15:59.000Z,2025-12-23T20:15:32Z,2025-12-23T20:15:59Z
3540225002926,2025-12-23T20:15:59.000Z,2025-12-23T20:15:33Z,2025-12-23T20:15:59Z
3540225002927,2025-12-23T20:16:03.000Z,2025-12-23T20:15:33Z,2025-12-23T20:16:03Z
3540225002928,2025-12-23T20:16:07.000Z,2025-12-23T20:15:35Z,2025-12-23T20:16:07Z
3540225002929,2025-12-23T20:16:07.000Z,2025-12-23T20:15:36Z,2025-12-23T20:16:04Z
3540225002930,2025-12-23T20:16:10.000Z,2025-12-23T20:15:41Z,2025-12-23T20:16:07Z
3540225002931,2025-12-23T20:16:07.000Z,2025-12-23T20:15:41Z,2025-12-23T20:16:05Z
3540225002932,2025-12-23T20:17:13.000Z,2025-12-23T20:16:42Z,2025-12-23T20:17:12Z
3540225002933,2025-12-23T20:17:15.000Z,2025-12-23T20:16:43Z,2025-12-23T20:17:13Z
3540225002934,2025-12-23T20:17:15.000Z,2025-12-23T20:16:43Z,2025-12-23T20:17:14Z
3540225002935,2025-12-23T20:17:19.000Z,2025-12-23T20:16:44Z,2025-12-23T20:17:16Z
3540225002936,2025-12-23T20:17:15.000Z,2025-12-23T20:16:45Z,2025-12-23T20:17:13Z
3540225002937,2025-12-23T20:17:15.000Z,2025-12-23T20:16:45Z,2025-12-23T20:17:13Z
3540225002938,2025-12-23T20:17:15.000Z,2025-12-23T20:16:46Z,2025-12-23T20:17:15Z
3540225002939,2025-12-23T20:17:13.000Z,2025-12-23T20:16:47Z,2025-12-23T20:17:12Z
3540225002940,2025-12-23T20:17:18.000Z,2025-12-23T20:16:48Z,2025-12-23T20:17:16Z
3540225002941,2025-12-23T20:17:23.000Z,2025-12-23T20:16:49Z,2025-12-23T20:17:19Z
3540225002942,2025-12-23T20:17:18.000Z,2025-12-23T20:16:50Z,2025-12-23T20:17:17Z
3540225002943,2025-12-23T20:17:18.000Z,2025-12-23T20:16:51Z,2025-12-23T20:17:16Z
